true,pred,probability,correct,original_set,grade,logits
fail,pass,0.5802228335135542,False,test,4,-0.32368821097108164
fail,fail,0.9286183247358881,True,train,5,2.565656621671339
fail,fail,0.7950576254816587,True,test,4,1.3556857571981267
fail,fail,0.9114047745425001,True,train,4,2.330909150089088
fail,fail,0.8672064333378284,True,train,4,1.8764812571147877
pass,fail,0.7898201787113833,False,train,3,1.3238418415076378
pass,pass,0.8613090793890905,True,train,1,-1.8262055526836851
fail,fail,0.7330756739563454,True,train,4,1.0102837400723623
fail,pass,0.957295463636357,False,train,4,-3.109806930618528
pass,pass,0.6646339329724336,True,test,2,-0.6840137397368691
pass,pass,0.5892653663602301,True,train,2,-0.3609292735803304
fail,fail,0.8533476089483394,True,test,4,1.7611018781336178
fail,pass,0.6854153094847214,False,train,4,-0.778771619653959
pass,pass,0.5978648017501547,True,train,2,-0.3965762982274756
pass,pass,0.7359354065707079,True,train,2,-1.0249486067663212
fail,pass,0.6412246921684503,False,test,4,-0.5806836202383111
fail,fail,0.9057282296851548,True,train,4,2.2625575093807426
fail,fail,0.862975519500618,True,test,4,1.840226724296364
pass,pass,0.6454997459450871,True,test,2,-0.5993157540791898
fail,fail,0.6549218426403007,True,test,4,0.6407449698563255
pass,pass,0.9819472690775699,True,train,1,-3.9962406384595774
fail,fail,0.8159573104181577,True,train,4,1.48919429863545
pass,pass,0.9464626354461549,True,test,2,-2.872351680313154
pass,pass,0.554188829042959,True,test,2,-0.2176099964566314
fail,pass,0.7567636648816602,False,test,4,-1.1350174618632791
fail,fail,0.7716336849034627,True,test,3,1.2175589511518592
fail,fail,0.6956379292083915,True,train,4,0.8266112932775825
fail,fail,0.6776865418856818,True,train,3,0.7431603089996579
fail,fail,0.6158405200148735,True,train,5,0.4719302551037496
fail,pass,0.5918496680937491,False,train,4,-0.37161709651142333
pass,pass,0.8787413399857489,True,test,2,-1.9805646380875042
pass,pass,0.6450671213509858,True,test,1,-0.5974256781210325
pass,fail,0.6005406894070037,False,train,2,0.40771848924868237
fail,fail,0.9603513698299629,True,test,5,3.1872428282964202
fail,fail,0.7147461061808238,True,train,4,0.9185477441835325
pass,pass,0.9901249473794019,True,train,1,-4.60781950519789
fail,fail,0.9098897478990706,True,train,4,2.312289492070973
pass,pass,0.8304344424512631,True,train,2,-1.5887093662485956
pass,pass,0.7122868242119387,True,train,2,-0.9065166068086863
fail,fail,0.8885303265942732,True,test,4,2.0758162128513624
pass,fail,0.6211258317763819,False,train,3,0.4943295490756499
fail,fail,0.9913590726502546,True,train,4,4.74256689315339
fail,fail,0.9905821755496453,True,test,4,4.655688714555472
fail,fail,0.5409183143587947,True,train,4,0.16404011876498895
pass,pass,0.9490349613509551,True,train,2,-2.92430575716763
fail,pass,0.5574459883341287,False,train,4,-0.23080309946794855
fail,fail,0.7439986723388782,True,test,4,1.0668566196983729
pass,pass,0.56378803639479,True,train,2,-0.25655007859244894
pass,pass,0.7723677983689171,True,train,2,-1.2217296836442035
pass,fail,0.8255691973998788,False,train,2,1.5545449683874955
fail,fail,0.7551553679567088,True,train,5,1.1262996589931424
fail,fail,0.8483334237611005,True,train,4,1.7215892128554995
pass,pass,0.6588638092943719,True,train,2,-0.6582350666820024
fail,fail,0.9448113926684302,True,train,4,2.8402287800351713
pass,fail,0.6207843837073327,False,train,2,0.49287886170269907
fail,pass,0.8097675992647662,False,test,4,-1.4485008055387392
fail,fail,0.6209788382031233,True,test,4,0.4937049649859245
fail,fail,0.7973141406092242,True,test,5,1.3695914652148862
fail,fail,0.6704166833362716,True,train,4,0.7100702546670898
fail,pass,0.6975279119603224,False,train,3,-0.8355535277718154
pass,pass,0.9747255504219329,True,train,2,-3.6523619572835955
fail,fail,0.889507650365231,True,train,4,2.085721823330245
fail,pass,0.5564867503393107,False,train,3,-0.22691568499330134
pass,pass,0.8894353786540518,True,test,1,-2.084986696814323
pass,pass,0.7544564018622602,True,train,2,-1.1225229717696374
pass,fail,0.5627608303153253,False,train,2,0.2523743805103923
pass,fail,0.5373197476307898,False,test,3,0.14955713463537607
fail,fail,0.5398958722671741,True,train,4,0.15992346332641927
fail,fail,0.8017543058538098,True,test,4,1.3972950681619338
pass,pass,0.6249200734777252,True,test,3,-0.5104846184705091
fail,pass,0.5876517848418039,False,test,5,-0.3542663950205957
pass,pass,0.5669283464977352,True,train,2,-0.26932972688072987
fail,pass,0.9069089537319837,False,test,4,-2.2764640569214505
fail,fail,0.9650963692964603,True,test,4,3.31963710549125
fail,fail,0.8337711923529708,True,train,4,1.612593816410516
pass,pass,0.8484671159802641,True,test,1,-1.7226286708172052
pass,pass,0.5906912422896151,True,test,2,-0.36682366814671047
fail,fail,0.79443115978581,True,test,3,1.351845369547209
fail,pass,0.7139800659114685,False,test,3,-0.9147935350571463
fail,fail,0.8993785374157728,True,test,4,2.190338430148918
pass,pass,0.7974150432242794,True,train,3,-1.3702159619143817
fail,fail,0.7837551233287686,True,train,4,1.2876851750307634
fail,pass,0.751288068414131,False,test,4,-1.1054938325190695
pass,fail,0.6449185528953408,False,train,2,0.5967768426170402
pass,pass,0.5614372330053454,True,test,2,-0.24699704162656094
fail,fail,0.5865585734507959,True,train,3,0.34975668100171475
pass,pass,0.6166974191818968,True,test,3,-0.4755537915861647
fail,fail,0.9375385945411344,True,train,4,2.708709071163014
pass,pass,0.5746246991751764,True,train,2,-0.30074529059129174
pass,fail,0.7938322182789809,False,train,3,1.3481818152672065
fail,fail,0.8803653083585656,True,test,4,1.9958940811194894
fail,fail,0.9255111685714837,True,train,5,2.5196969991129032
fail,pass,0.5846522617376291,False,train,3,-0.3419011532189698
fail,fail,0.6865944087435017,True,test,3,0.7842455671907325
pass,pass,0.9257382716640111,True,test,2,-2.5229958281075797
pass,pass,0.5221818448777111,True,train,3,-0.08878565755776405
fail,fail,0.8418067237096291,True,train,3,1.6717328904998945
fail,fail,0.7868552867689751,True,train,4,1.3060730120685606
pass,pass,0.7708708715979151,True,train,2,-1.2132351537029062
fail,fail,0.8451782830645269,True,train,4,1.6972733493812646
fail,fail,0.6717468555796747,True,train,4,0.7160964740632856
pass,pass,0.9696501885236345,True,test,1,-3.464145070232311
pass,fail,0.608824330599135,False,train,3,0.4423730291529434
fail,fail,0.8049641446722285,True,train,5,1.41761432050991
fail,pass,0.7125645613192719,False,test,5,-0.9078722465064047
fail,fail,0.9606667241849975,True,train,4,3.1955566742986634
fail,fail,0.588000031923975,True,train,3,0.35570373032695307
fail,fail,0.5588143869327076,True,train,4,0.23635169496690728
pass,pass,0.6649552404564116,True,train,2,-0.68545559732841
pass,pass,0.6985016599667668,True,train,1,-0.8401730447097338
pass,fail,0.5955060109917985,False,train,2,0.38677460668223856
fail,fail,0.7723635125611377,True,train,4,1.2217053071106199
pass,fail,0.8538429947172059,False,train,2,1.7650659073991004
fail,pass,0.6676681153017041,False,test,4,-0.6976570943911945
fail,fail,0.5026265730356091,True,train,4,0.010506388786317426
fail,fail,0.8663946033778761,True,train,5,1.8694498127142423
fail,pass,0.7488552529894877,False,train,4,-1.0925162569239277
pass,pass,0.7335444555934436,True,test,3,-1.012680786278098
pass,pass,0.6541595048641726,True,train,3,-0.6373735409013822
pass,fail,0.6582214003576506,False,train,2,0.6553781914763751
pass,pass,0.7707147231786937,True,train,2,-1.2123513176832919
pass,pass,0.6905812596600285,True,train,3,-0.8028381420250782
pass,pass,0.7892854431729193,True,train,2,-1.320623627484485
pass,pass,0.85095225824022,True,train,1,-1.7420893571055018
fail,pass,0.7684409003068543,False,test,4,-1.1995285261664275
pass,pass,0.6488404716309553,True,train,2,-0.6139462630735469
fail,fail,0.5161563787865234,True,test,4,0.06464802138877629
pass,pass,0.5802920315579131,True,train,2,-0.32397232330964615
pass,fail,0.8626875967552118,False,train,2,1.837793983229918
pass,pass,0.9083644645544867,True,train,2,-2.2938265527508306
pass,fail,0.7692314378295873,False,train,3,1.2039765707697634
fail,fail,0.5640169945298122,True,test,4,0.2574811188791764
pass,pass,0.9345861232032877,True,test,2,-2.659369362918866
fail,fail,0.8302971653177786,True,train,4,1.587734791036607
pass,pass,0.6317745684096985,True,train,2,-0.5398372985035667
fail,pass,0.515695868243092,False,train,4,-0.06280410831332411
pass,fail,0.6072350407888529,False,train,2,0.4357045684352399
pass,fail,0.5532543737655523,False,test,2,0.21382852068037733
fail,fail,0.5877160222626328,True,train,4,0.35453149763507286
fail,fail,0.843059906411868,True,train,4,1.681173855806451
fail,pass,0.5660637200067254,False,test,4,-0.26580894835451097
fail,pass,0.5958730530177955,False,train,4,-0.3882985922794757
pass,fail,0.6882496008446939,False,train,2,0.7919486991364989
pass,fail,0.5075671500698952,False,train,2,0.030270911575000108
pass,pass,0.9968865198813881,True,train,1,-5.768895832133302
pass,pass,0.5265776352854935,True,train,2,-0.10641083742966495
pass,fail,0.5240625504272917,False,train,1,0.09632461110546076
pass,pass,0.8725091158926015,True,train,2,-1.9233282371908857
fail,fail,0.7792598748879839,True,test,4,1.2613584857357525
pass,pass,0.7747494837685484,True,train,2,-1.235326542046228
fail,fail,0.9256373819337058,True,train,5,2.5215291915428883
fail,fail,0.9404028714256232,True,train,5,2.758700975441613
pass,pass,0.8613212472008198,True,train,1,-1.8263074168438935
pass,pass,0.8732691039843521,True,test,2,-1.9301778509847887
pass,pass,0.6685669919458843,True,test,2,-0.7017109019703605
fail,fail,0.7220256164199443,True,test,4,0.9545316540199438
pass,pass,0.7897151121459566,True,train,2,-1.3232090427022907
pass,pass,0.9769688289251017,True,train,2,-3.7476061841328567
pass,pass,0.5081744109433819,True,train,2,-0.03270055742622836
fail,pass,0.5796032076790059,False,train,4,-0.3211447358195662
pass,pass,0.6655262274903493,True,train,2,-0.6880195788106707
fail,fail,0.5453613344195841,True,train,4,0.18194561203958576
pass,pass,0.9580773188147206,True,train,2,-3.1291014857489987
fail,fail,0.6498236636189043,True,train,3,0.6182641935032628
pass,pass,0.810041982288053,True,train,2,-1.4502829879740544
pass,pass,0.7664532315979745,True,train,1,-1.1883913309272973
fail,fail,0.8824250454477649,True,train,4,2.015597809575239
pass,pass,0.6131423885353322,True,train,2,-0.4605404941282018
fail,fail,0.6813924690164128,True,train,4,0.7601784180091009
pass,pass,0.7846672295150305,True,train,2,-1.293075115196545
fail,fail,0.6589563178246998,True,train,4,0.6586466774585795
fail,fail,0.6053738569531898,True,train,4,0.42790736914515654
pass,pass,0.9866936984681115,True,test,2,-4.306121932960427
pass,pass,0.5453015543602023,True,test,2,-0.18170451000101367
pass,pass,0.7614338451117161,True,train,2,-1.1605566432660206
fail,fail,0.8330537747869018,True,train,4,1.6074264397996108
pass,pass,0.6582485806628793,True,test,2,-0.6554990134061347
pass,pass,0.9740172793991871,True,train,2,-3.623997319335709
pass,pass,0.9862691716228283,True,train,1,-4.274285759548953
pass,fail,0.7073012965197462,False,train,2,0.8823129729245666
pass,pass,0.9313197098281165,True,test,1,-2.6071403620793583
pass,pass,0.9993025488288203,True,train,1,-7.267380357692953
fail,fail,0.5485946028993891,True,test,3,0.1949939198315387
pass,pass,0.8462375162239163,True,train,2,-1.7053909735584014
pass,pass,0.9519976189712611,True,train,3,-2.9873119192646196
fail,fail,0.666944157883616,True,test,4,0.6943961511323153
fail,fail,0.7939138347131034,True,train,4,1.3486805754184776
pass,pass,0.7584177260359443,True,train,1,-1.144024229590436
fail,fail,0.7681145321676165,True,train,4,1.19769527582209
fail,fail,0.6950959649918411,True,train,4,0.8240528273771344
fail,fail,0.6016040823486837,True,train,4,0.41215327963276416
pass,pass,0.7237721273849489,True,train,2,-0.9632504511704862
fail,pass,0.6734501088851532,False,test,4,-0.7238311728197931
fail,fail,0.5599401953187415,True,test,4,0.2409193465464357
fail,fail,0.7594903562107671,True,test,5,1.149887436747597
fail,fail,0.5358856381238508,True,train,4,0.14378978517843155
fail,fail,0.8206257420508618,True,train,4,1.5205926996710983
pass,pass,0.696836655824423,True,train,2,-0.8322792801613448
fail,fail,0.6607261542339985,True,train,4,0.6665318779934708
fail,fail,0.5850075099360058,True,train,4,0.3433642608112821
fail,fail,0.5492843914090697,True,train,4,0.1977797635407974
fail,pass,0.775888547525704,False,train,4,-1.2418654017416388
fail,fail,0.7805427374114822,True,train,3,1.2688319848204208
pass,pass,0.5761368803667655,True,test,2,-0.30693469993262323
pass,pass,0.5030733630058286,True,test,3,-0.012293606851545243
pass,pass,0.9563837674201434,True,train,2,-3.087729874912166
pass,pass,0.6995546620689521,True,train,2,-0.8451781018346977
fail,fail,0.9160634241330231,True,train,4,2.3900241381495815
fail,fail,0.9620750907685718,True,test,4,3.233484372690059
fail,fail,0.8106464978889153,True,test,4,1.454216425245349
pass,pass,0.6320474408233008,True,train,2,-0.5410104413455488
pass,pass,0.706428047619186,True,test,2,-0.8780985913727235
pass,pass,0.9398961132599257,True,train,2,-2.7496948406819697
fail,fail,0.7140538629003813,True,train,4,0.9151549364664184
pass,pass,0.7274269545681302,True,train,2,-0.9816069530994469
pass,pass,0.9259722440962267,True,train,2,-2.5264041575587406
fail,fail,0.8672123633599272,True,train,4,1.876532752107068
fail,fail,0.5563398278522955,True,train,4,0.22632041738121367
fail,fail,0.9222369776271185,True,train,4,2.4731361887962535
pass,pass,0.9151886662476059,True,train,1,-2.378701050033457
pass,pass,0.7129579270176514,True,test,2,-0.9097936095100161
pass,fail,0.554422217185123,False,train,2,0.21855469302344982
fail,fail,0.6031229691417748,True,test,5,0.4184946181045572
pass,pass,0.880402373675876,True,train,2,-1.9962460512507867
pass,fail,0.6985851764433681,False,train,2,0.8405696458793914
pass,pass,0.7980410328890497,True,train,2,-1.3740954721355552
pass,pass,0.8013712900545638,True,train,3,-1.3948870699999847
fail,fail,0.729614671615634,True,test,5,0.9926684639170589
pass,pass,0.7267328081061548,True,train,2,-0.9781088418705799
pass,pass,0.8896902498727943,True,test,2,-2.0875810495059803
fail,fail,0.9442542534082456,True,train,4,2.829594353007193
fail,fail,0.6169681742296037,True,test,4,0.47669935936487645
fail,fail,0.5798904990473157,True,train,4,0.3223238971197164
pass,pass,0.7420625501580369,True,train,2,-1.0567164259640691
fail,pass,0.584431538331543,False,train,4,-0.3409922753680033
fail,fail,0.5317061441294668,True,train,4,0.12699498004343723
fail,fail,0.8041028896245532,True,train,4,1.4121376588275476
pass,pass,0.5807653098475019,True,test,2,-0.32591585069343415
pass,pass,0.8975346496377785,True,test,2,-2.17012703027429
fail,fail,0.8055837080873458,True,train,4,1.4215654232224801
pass,pass,0.7310161834349714,True,train,2,-0.9997843819428806
fail,fail,0.5790515755980551,True,train,4,0.318881231812933
fail,fail,0.8359427775594117,True,train,4,1.6283448785592303
fail,pass,0.8018506556220941,False,train,4,-1.39790136467644
fail,fail,0.8958862458532706,True,train,4,2.1523293559006014
fail,fail,0.9298571662523307,True,train,5,2.5844973444741868
fail,pass,0.8120434065608955,False,train,4,-1.4633427448792484
fail,fail,0.8275346649983842,True,test,4,1.5682547378459466
fail,fail,0.6601005055098087,True,train,4,0.6637421350323645
pass,pass,0.9725415357812023,True,test,2,-3.5672383140585056
pass,pass,0.6136890960423539,True,train,2,-0.4628459457363162
pass,fail,0.509905472921532,False,train,3,0.039627076422267975
pass,pass,0.7698588326058614,True,train,2,-1.20751427184034
fail,fail,0.7861183481316942,True,test,3,1.3016845178444387
pass,fail,0.7362826116505224,False,train,3,1.0267359971698644
fail,fail,0.79723933290558,True,train,4,1.3691286222714754
pass,pass,0.9580464794423519,True,train,2,-3.1283339418561136
pass,fail,0.9133627013025276,False,train,2,2.3554026411698676
pass,pass,0.6709906093826021,True,train,2,-0.712668848646833
fail,fail,0.8422010648513649,True,train,4,1.6746971198142857
pass,pass,0.520134023000514,True,train,2,-0.08057966457668406
pass,pass,0.8891097538877095,True,test,1,-2.0816797471951567
pass,pass,0.9207490117955288,True,test,2,-2.4525675999275482
pass,pass,0.5343971411236084,True,train,2,-0.13780623591746705
fail,fail,0.5582169442199173,True,train,4,0.2339287381898696
fail,fail,0.9112964226217088,True,test,4,2.32956800620556
fail,fail,0.9061378282933199,True,test,4,2.267363975010115
pass,pass,0.9660458098179916,True,train,1,-3.3481989867206687
fail,fail,0.6899210461522515,True,test,4,0.7997502102951746
pass,pass,0.7572283926074905,True,train,2,-1.1375438013765746
pass,pass,0.5235882502556171,True,train,2,-0.09442309268943128
fail,pass,0.6862933934144123,False,test,4,-0.7828470483092353
pass,pass,0.9618911332831186,True,train,2,-3.2284542999115677
pass,fail,0.51535430939661,False,train,2,0.06143655439677397
pass,pass,0.5219411355900425,True,train,3,-0.08782094224445497
pass,pass,0.8061792943494848,True,train,2,-1.4253726332819265
pass,fail,0.7038192484084649,False,train,2,0.86555165854889
fail,fail,0.6120581997824329,True,test,4,0.4559720467415696
fail,pass,0.8393742986956737,False,test,4,-1.6535799100324666
fail,fail,0.7024450497948069,True,train,4,0.8589682627142218
pass,pass,0.9266069839794463,True,test,2,-2.535700728655131
fail,fail,0.7552565089412028,True,test,4,1.1268467516770382
pass,pass,0.8825875110828943,True,train,3,-2.0171646656634876
pass,fail,0.8146769384706104,False,train,2,1.4806910594972358
fail,fail,0.8895730929348229,True,train,4,2.0863878492238417
fail,fail,0.6098317413423886,True,train,4,0.44660500671437914
fail,fail,0.8177154186161825,True,train,4,1.500945277218576
fail,fail,0.7064839622031418,True,train,4,0.8783682204820886
pass,pass,0.7308912738204026,True,train,2,-0.9991492279819334
pass,pass,0.9949839594114159,True,train,2,-5.290085720713235
fail,fail,0.8933595091061696,True,test,4,2.125525806505432
fail,fail,0.9691656872120409,True,train,5,3.447807463667224
fail,fail,0.5797069495972708,True,train,4,0.321570509514108
pass,pass,0.9393359935956421,True,train,2,-2.739822688891747
fail,fail,0.805707748551938,True,train,4,1.4223576056366345
fail,pass,0.5257024933449486,False,train,3,-0.10290067474329945
fail,pass,0.6673792967681449,False,train,3,-0.6963557336513806
pass,pass,0.6385187538606426,True,train,2,-0.568940884434851
pass,pass,0.8127595698047753,True,train,2,-1.4680418197232903
fail,pass,0.9581632418456553,False,train,4,-3.1312428272568935
fail,fail,0.6731603746700376,True,train,4,0.7225139912536293
pass,pass,0.6850089880131508,True,test,2,-0.7768878543197582
fail,fail,0.6621764304363624,True,train,4,0.6730082559997231
pass,pass,0.9047747919963486,True,train,3,-2.251441367408182
fail,fail,0.8257115969966828,True,test,4,1.5555341407522112
pass,pass,0.9995211159912757,True,train,2,-7.6435731441431365
pass,pass,0.9166253950615745,True,train,2,-2.3973551115548712
pass,pass,0.5487828397641049,True,train,2,-0.1957540753730435
pass,pass,0.6919147419543524,True,train,3,-0.8090861862542351
fail,fail,0.5857017604951079,True,train,4,0.3462246191379804
fail,fail,0.573316069261163,True,train,4,0.29539363883612496
fail,fail,0.6461658444156214,True,train,4,0.6022278796262812
fail,fail,0.8097448110941595,True,test,4,1.4483528794829554
pass,pass,0.8155345298677869,True,train,2,-1.4863814709137557
fail,fail,0.9280347396449032,True,train,4,2.5568856595379557
pass,pass,0.7207256927477677,True,train,3,-0.9480641320755313
fail,pass,0.7171303348721234,False,test,4,-0.930271357836858
fail,pass,0.5842363624846449,False,test,3,-0.3401887114921928
fail,fail,0.5375341449127975,True,train,4,0.15041955601465806
fail,fail,0.8653959938577067,True,train,4,1.8608500184589745
pass,pass,0.8137636881761399,True,test,2,-1.47465365349298
pass,pass,0.7878031948328633,True,test,2,-1.3117341356105365
fail,pass,0.5383302645340744,False,test,4,-0.15362246926665224
pass,pass,0.5084128312821338,True,test,2,-0.03365450126420006
pass,fail,0.6118268319641261,False,test,1,0.4549977387385405
pass,pass,0.9801391255993,True,train,1,-3.8989428406053612
fail,fail,0.6979024355797931,True,train,4,0.8373292896903634
pass,fail,0.5658467725533841,False,train,2,0.26492579125897087
fail,fail,0.9392907039606511,True,train,4,2.7390281865674013
pass,pass,0.8918252784062887,True,test,1,-2.1095225247257
fail,fail,0.6735506842001325,True,train,4,0.7242885462058819
fail,fail,0.787566612721642,True,test,4,1.3103194871147847
fail,fail,0.7539697762987109,True,test,4,1.1198978937601167
fail,pass,0.6657850950366087,False,test,4,-0.6891827242430041
fail,fail,0.595563050884208,True,test,5,0.38701141137250256
fail,fail,0.7584320126493928,True,test,4,1.1441022062283215
pass,pass,0.8543518047256737,True,test,2,-1.769148965798369
fail,fail,0.6255323658667427,True,train,4,0.5130976975476607
pass,fail,0.8094858977922278,False,train,2,1.4466731329150033
fail,fail,0.8743518714001929,True,train,4,1.9399975233657514
pass,pass,0.9094574276274517,True,train,2,-2.307028035263939
fail,fail,0.5659271671547821,True,test,4,0.26525305234834856
fail,fail,0.9254901660284814,True,train,4,2.519392390088064
pass,fail,0.7545430048625063,False,train,2,1.1229905150792485
fail,fail,0.8195499652423762,True,train,3,1.5133014430196001
pass,pass,0.9785657895106721,True,train,2,-3.821099753050446
fail,pass,0.5013922512484467,False,train,4,-0.005569019386861558
fail,fail,0.5986747492267261,True,test,3,0.39994626330980226
fail,fail,0.5883912858830502,True,train,4,0.3573190037057952
pass,pass,0.5638551189052632,True,train,2,-0.2568228528849779
fail,fail,0.6775064195461126,True,train,4,0.7423357975854138
fail,fail,0.8847598151676732,True,train,5,2.0382976987773818
fail,fail,0.7596263335696871,True,test,4,1.1506319899954258
fail,fail,0.6420192801786486,True,train,4,0.5841392049671109
fail,fail,0.9110676444664761,True,train,4,2.3267411169227685
fail,pass,0.5811541106737144,False,train,3,-0.3275129260473373
pass,pass,0.8081079627464842,True,test,3,-1.4377627589523876
pass,pass,0.5832367662809226,True,train,2,-0.3360749453255824
fail,fail,0.9632318648438137,True,train,4,3.2656625787002582
pass,pass,0.6850833460289032,True,train,2,-0.777232490648131
fail,fail,0.9067527558956106,True,train,4,2.274615313222918
fail,pass,0.7640914662658713,False,test,4,-1.1752433412657313
pass,pass,0.9330553311529265,True,test,2,-2.634598063551793
pass,pass,0.6521122765220684,True,train,2,-0.6283369563231549
pass,fail,0.5823865549915707,False,train,2,0.3325781791417229
fail,fail,0.6281343809032557,True,train,4,0.5242215758838904
pass,pass,0.8928301800980535,True,train,3,-2.119981716694925
pass,pass,0.7765324776988121,True,train,3,-1.2455723780632757
pass,pass,0.5693977463347504,True,train,2,-0.27939439817554745
pass,pass,0.8479007158533904,True,train,2,-1.7182300557871435
fail,fail,0.6259785421084348,True,train,4,0.5150029229202264
fail,pass,0.6340769247510675,False,test,4,-0.5497471450963585
fail,pass,0.5421871224464943,False,train,4,-0.1691506498873504
pass,pass,0.5392307893706211,True,train,2,-0.15724636997756153
fail,fail,0.7582967985957761,True,test,3,1.1433643308957961
fail,fail,0.6569541969498646,True,train,4,0.6497503257651195
pass,pass,0.8007445662293158,True,train,3,-1.3909544141960282
pass,pass,0.5832928706944449,True,test,2,-0.33630576407314533
fail,fail,0.9297002887770939,True,train,4,2.582094573049057
fail,fail,0.9399237619084592,True,train,4,2.7501843771144023
fail,fail,0.7161029497250628,True,train,4,0.9252122677462131
pass,fail,0.6307837595812934,False,test,2,0.5355806192138242
fail,fail,0.5640939809437328,True,train,4,0.257794203004313
pass,pass,0.9878445069749034,True,train,1,-4.397744135306978
pass,fail,0.825436010393511,False,test,2,1.5536203671362776
fail,fail,0.9413272418969039,True,train,3,2.77531530656867
pass,pass,0.6239400465486693,True,train,2,-0.5063057031571732
pass,pass,0.9616103969594303,True,train,1,-3.220822707086995
fail,pass,0.600028982024921,False,test,3,-0.4055858680037596
fail,fail,0.7114970451670476,True,train,4,0.9026659366075966
pass,pass,0.8229984906536945,True,train,2,-1.5367961068010307
fail,fail,0.8238392994571818,True,test,4,1.5425788362508681
pass,fail,0.5827590363252615,False,train,2,0.3341098786988904
fail,fail,0.6903590240880991,True,train,4,0.801798302940111
fail,pass,0.9492568917145687,False,test,4,-2.9289036478844555
fail,fail,0.7533257713510005,True,train,4,1.116429211772863
fail,fail,0.7968913803101729,True,train,4,1.3669774755135868
fail,fail,0.5870955871604348,True,train,4,0.3519715264438555
fail,fail,0.7313074760438186,True,train,4,1.0012663029547741
pass,pass,0.7550567439207476,True,train,2,-1.1257663280560612
fail,pass,0.7039297273088767,False,train,4,-0.8660816981246668
pass,pass,0.7815699921694577,True,train,3,-1.2748390742445044
fail,fail,0.9196220963564178,True,train,4,2.4372235127176762
fail,fail,0.5777879167826556,True,train,4,0.31369912069967804
fail,pass,0.7622488184358922,False,train,3,-1.165048364578083
fail,fail,0.8799788659635949,True,train,4,1.992230046988088
fail,fail,0.7464650912473433,True,test,4,1.0798473319922974
pass,fail,0.6902897686889281,False,train,2,0.801474341423424
fail,pass,0.5780400069753442,False,test,4,-0.3147325762145747
pass,fail,0.5812979987650873,False,test,2,0.3281040793599011
pass,fail,0.9026990020606271,False,test,2,2.227579921344912
fail,pass,0.7084677156517293,False,train,4,-0.8879537387716212
fail,pass,0.5005205287020469,False,train,4,-0.002082115560387378
fail,fail,0.9855043946478532,True,train,5,4.219308061564177
fail,fail,0.8695004203261667,True,test,4,1.8965488113381737
fail,fail,0.5720194699518791,True,test,5,0.2900953251726192
fail,fail,0.7107616862758098,True,train,4,0.8990862293039337
fail,fail,0.6273360712454847,True,test,4,0.5208053776261252
fail,fail,0.6278160975036026,True,train,3,0.5228591915464217
fail,fail,0.6345199353489703,True,train,4,0.5516569706266994
fail,fail,0.7946186344772375,True,train,4,1.3529937239888132
fail,fail,0.9375836746880868,True,train,4,2.7094791421161273
pass,pass,0.7619093911692131,True,train,1,-1.1631763287965255
pass,pass,0.6962722873381421,True,test,2,-0.8296091832586623
fail,pass,0.5785530903669698,False,train,3,-0.31683650116563583
pass,pass,0.848586040479194,True,train,2,-1.7235539429085966
fail,fail,0.7247987363075367,True,test,4,0.9683913132677964
pass,pass,0.8513321721742007,True,train,2,-1.745087910184483
pass,fail,0.6971769418866255,False,train,3,0.833890572335265
pass,pass,0.6958267835696459,True,train,1,-0.8275034251522058
pass,pass,0.5424339163228267,True,train,2,-0.17014494528458762
pass,fail,0.5531321992523633,False,test,2,0.21333422817156245
pass,pass,0.7672902048401505,True,train,2,-1.19307293041965
fail,pass,0.5593261442040546,False,test,4,-0.23842769942223432
fail,fail,0.9579077762252788,True,train,4,3.124888491159963
pass,pass,0.5332258813202193,True,train,3,-0.13309967199225842
fail,fail,0.8238508879362756,True,train,4,1.542658688313426
fail,fail,0.6343840877223285,True,train,3,0.5510712252328749
fail,fail,0.8888248636879094,True,test,5,2.0787934498806706
fail,pass,0.5733680072571418,False,train,4,-0.295605959150482
pass,pass,0.7996435841378711,True,test,1,-1.3840682487274787
fail,pass,0.6203899233187737,False,train,4,-0.49120357702940326
pass,pass,0.7554779645295514,True,train,2,-1.1280451850721243
fail,fail,0.7303490835010624,True,train,3,0.9963943957958068
fail,pass,0.6620520201140692,False,train,3,-0.6724521551070759
fail,fail,0.8948993820237602,True,train,5,2.141793131881448
pass,pass,0.8483451536465505,True,train,2,-1.7216803826764537
pass,pass,0.5123288351982684,True,train,2,-0.049325339028082955
fail,pass,0.706574412339432,False,train,4,-0.8788044491528467
fail,fail,0.8952903171154521,True,train,5,2.145956446558268
fail,fail,0.7959342232056684,True,test,4,1.3610741711267906
fail,fail,0.9196869570143188,True,test,5,2.438101312047355
fail,fail,0.9775401436894713,True,train,4,3.773309807011634
pass,pass,0.5611559326163666,True,train,2,-0.24585467125815552
pass,fail,0.5038990254109019,False,train,3,0.015596417786025683
pass,fail,0.5526013206723362,False,test,2,0.21118670524212863
pass,pass,0.7715530106573723,True,train,2,-1.2171011913040917
pass,pass,0.9231386307919107,True,train,2,-2.485776019807884
pass,pass,0.687706202588986,True,train,2,-0.7894173125129209
pass,pass,0.6980263965836666,True,train,2,-0.8379173118538505
fail,pass,0.6148565492664492,False,train,4,-0.4677731231756432
pass,pass,0.511295266899538,True,test,2,-0.04518875573719506
fail,pass,0.9301851386224678,False,train,4,-2.589536739298699
fail,fail,0.7694105531963643,True,train,4,1.2049858636520039
pass,fail,0.5623508436631879,False,test,2,0.2507083556301202
fail,fail,0.8332471039805899,True,test,3,1.6088171895332943
pass,pass,0.7585804281140567,True,train,3,-1.1449124469591765
pass,fail,0.7677183546951923,False,train,2,1.1954723164690306
pass,pass,0.9804597960389966,True,train,2,-3.915547556578643
fail,fail,0.5374627154509187,True,train,4,0.15013222204839927
fail,fail,0.8379281478918696,True,test,5,1.6428925860005077
pass,fail,0.6501072726666811,False,train,2,0.6195107699733399
fail,fail,0.7598534313231112,True,test,4,1.1518761214002422
pass,pass,0.6681966032135764,True,train,2,-0.7000398312666319
pass,pass,0.8799926044326014,True,train,2,-1.9923601327717415
fail,fail,0.6213262860229403,True,test,4,0.4951814429806279
fail,fail,0.9229960662373147,True,train,4,2.4837684641865403
pass,pass,0.6149576410358772,True,test,2,-0.4682000375509024
pass,pass,0.9994119566699682,True,train,1,-7.438121705955055
fail,pass,0.6613423085460639,False,test,3,-0.6692817329680855
pass,pass,0.9063397034083197,True,train,3,-2.269739813906644
fail,fail,0.8495389507822646,True,train,4,1.730989549974418
fail,pass,0.5236732134332556,False,train,4,-0.09476370621082414
pass,fail,0.5207768568219668,False,test,2,0.0831553110794353
pass,pass,0.9668197625992208,True,train,2,-3.3720576501962993
fail,fail,0.7645566935566704,True,test,4,1.1778260328093815
fail,fail,0.9436443087860507,True,train,4,2.818066070630045
fail,fail,0.8581262268129,True,train,4,1.799813465105899
fail,pass,0.6248378439202711,False,train,4,-0.5101338176278586
fail,fail,0.7961265054721678,True,train,5,1.3622584230657837
fail,fail,0.5188811147545385,True,test,4,0.07556038870414339
pass,pass,0.9992432063126627,True,test,1,-7.185662801317357
pass,pass,0.6547685316915375,True,train,2,-0.6400666717523563
pass,pass,0.8432011958984417,True,train,2,-1.6822421150878246
pass,pass,0.6853146691452426,True,test,2,-0.7783049139231708
fail,fail,0.951150457138692,True,test,3,2.9689272389938766
pass,pass,0.9426488069148139,True,train,2,-2.7995001452435715
pass,pass,0.8414446840855303,True,test,1,-1.669016747836747
fail,fail,0.9267553709185239,True,train,5,2.5378847153589916
pass,fail,0.603974170445554,False,train,2,0.4220519975824737
